{
  "$schema": "http://json-schema.org/draft-07/schema#",
  "$id": "http://our.company.com/companyNew.schema.json",
  "type": "object",
  "properties": {
    "name": {
      "type": "string",
      "minLength": 1,
      "maxLength": 30
    },
    "handle": {
      "type": "string",
      "minLength": 1,
      "maxLength": 10
    },
    "description": {
      "type": "string"
    },
    "numEmployees": {
      "type": "integer",
      "minimum": 0
    },
    "logoUrl": {
      "type": "string",
      "format": "uri"
    }
  },
  "additionalProperties": false,
  "required": [
    "name",
    "handle",
    "description"
  ]
}